2012;327005;10;None
2013;327005;10;None
2014;327005;10;7.0
2015;327005;10;60.0
2016;327005;10;31.5
2017;327005;10;17.5
2018;327005;10;8.5
2019;327005;10;7.5
2020;327005;10;14.0
2021;327005;10;4.6923075
2012;327005;11;4.3333335
2013;327005;11;4.7777777
2014;327005;11;14.148149
2015;327005;11;7.54
2016;327005;11;6.847826
2017;327005;11;6.2727275
2018;327005;11;7.55
2019;327005;11;6.172414
2020;327005;11;6.265306
2021;327005;11;5.142857
2012;327005;12;1.0
2013;327005;12;6.5
2014;327005;12;14.0
2015;327005;12;12.25
2016;327005;12;3.5714285
2017;327005;12;2.0
2018;327005;12;2.8
2019;327005;12;1.0
2020;327005;12;11.75
2021;327005;12;4.5
2012;327005;13;34.333332
2013;327005;13;21.714285
2014;327005;13;28.363636
2015;327005;13;26.7
2016;327005;13;18.904762
2017;327005;13;17.15
2018;327005;13;6.382979
2019;327005;13;12.25
2020;327005;13;7.875
2021;327005;13;4.137931
2012;327005;14;25.25
2013;327005;14;10.166667
2014;327005;14;3.75
2015;327005;14;5.882353
2016;327005;14;5.5882354
2017;327005;14;6.6190476
2018;327005;14;11.424242
2019;327005;14;9.607142
2020;327005;14;5.627907
2021;327005;14;3.483871
2012;327005;15;18.333334
2013;327005;15;18.555555
2014;327005;15;10.9375
2015;327005;15;13.888889
2016;327005;15;12.523809
2017;327005;15;8.608696
2018;327005;15;6.591837
2019;327005;15;6.36
2020;327005;15;5.0697675
2021;327005;15;2.612903
2012;327005;16;24.4
2013;327005;16;18.166666
2014;327005;16;19.533333
2015;327005;16;18.90909
2016;327005;16;17.857143
2017;327005;16;14.947369
2018;327005;16;5.98
2019;327005;16;14.0
2020;327005;16;14.84
2021;327005;16;3.851852
2012;327005;17;9.942029
2013;327005;17;11.625
2014;327005;17;6.983051
2015;327005;17;5.9661016
2016;327005;17;6.80292
2017;327005;17;5.0
2018;327005;17;3.9236112
2019;327005;17;4.6549296
2020;327005;17;4.4933333
2021;327005;17;1.9495798
2012;327005;18;60.4
2013;327005;18;25.666666
2014;327005;18;4.1
2015;327005;18;3.9
2016;327005;18;24.333334
2017;327005;18;10.0
2018;327005;18;2.0
2019;327005;18;11.888889
2020;327005;18;8.375
2021;327005;18;0.84615386
2012;327005;19;1.8
2013;327005;19;1.0
2014;327005;19;5.5
2015;327005;19;0.6666667
2016;327005;19;10.666667
2017;327005;19;2.1666667
2018;327005;19;3.1904762
2019;327005;19;1.1428572
2020;327005;19;2.8
2021;327005;19;3.2142856
2012;327005;20;2.0
2013;327005;20;4.7
2014;327005;20;10.166667
2015;327005;20;7.0
2016;327005;20;9.416667
2017;327005;20;9.625
2018;327005;20;7.5
2019;327005;20;3.7
2020;327005;20;5.0
2021;327005;20;1.5675676
2012;327005;21;17.0
2013;327005;21;12.75
2014;327005;21;13.7
2015;327005;21;11.0
2016;327005;21;9.769231
2017;327005;21;4.076923
2018;327005;21;7.5555553
2019;327005;21;9.220589
2020;327005;21;9.987013
2021;327005;21;5.9466667
2012;327005;22;8.755555
2013;327005;22;9.0
2014;327005;22;7.744589
2015;327005;22;7.0
2016;327005;22;7.5987053
2017;327005;22;6.8005867
2018;327005;22;5.8515153
2019;327005;22;6.681356
2020;327005;22;5.1755486
2021;327005;22;4.876033
2012;327005;23;5.8
2013;327005;23;4.875
2014;327005;23;8.324325
2015;327005;23;8.535714
2016;327005;23;8.962963
2017;327005;23;6.5194807
2018;327005;23;7.324324
2019;327005;23;6.4646463
2020;327005;23;7.0235295
2021;327005;23;5.4342103
2012;327005;24;None
2013;327005;24;41.0
2014;327005;24;26.0
2015;327005;24;35.5
2016;327005;24;6.0
2017;327005;24;None
2018;327005;24;15.0
2019;327005;24;12.6
2020;327005;24;6.4
2021;327005;24;2.0
2012;327005;25;14.606061
2013;327005;25;7.654321
2014;327005;25;8.525424
2015;327005;25;7.7313433
2016;327005;25;7.8117647
2017;327005;25;7.0
2018;327005;25;6.204819
2019;327005;25;8.693694
2020;327005;25;8.0
2021;327005;25;5.970588
2012;327005;26;19.603174
2013;327005;26;10.611111
2014;327005;26;6.7555556
2015;327005;26;6.8163266
2016;327005;26;7.1953125
2017;327005;26;5.0172415
2018;327005;26;4.6190476
2019;327005;26;7.4017096
2020;327005;26;5.8333335
2021;327005;26;4.672414
2012;327005;27;17.0
2013;327005;27;9.6
2014;327005;27;20.5
2015;327005;27;17.375
2016;327005;27;13.190476
2017;327005;27;9.866667
2018;327005;27;6.25
2019;327005;27;9.695652
2020;327005;27;7.714286
2021;327005;27;6.681818
2012;327005;28;8.0
2013;327005;28;34.5
2014;327005;28;59.0
2015;327005;28;11.0
2016;327005;28;10.5
2017;327005;28;9.0
2018;327005;28;None
2019;327005;28;2.5
2020;327005;28;8.0
2021;327005;28;None
2012;327005;29;None
2013;327005;29;None
2014;327005;29;None
2015;327005;29;None
2016;327005;29;112.0
2017;327005;29;None
2018;327005;29;29.0
2019;327005;29;None
2020;327005;29;9.0
2021;327005;29;11.0
2012;327005;30;None
2013;327005;30;56.0
2014;327005;30;None
2015;327005;30;40.666668
2016;327005;30;163.75
2017;327005;30;18.555555
2018;327005;30;16.666666
2019;327005;30;18.875
2020;327005;30;9.0
2021;327005;30;5.0
2012;327005;31;18.813953
2013;327005;31;9.582524
2014;327005;31;11.356164
2015;327005;31;8.294871
2016;327005;31;9.033708
2017;327005;31;7.7108436
2018;327005;31;5.6458335
2019;327005;31;8.553191
2020;327005;31;9.59375
2021;327005;31;3.6936936
2012;327005;32;None
2013;327005;32;None
2014;327005;32;None
2015;327005;32;10.0
2016;327005;32;None
2017;327005;32;None
2018;327005;32;2.0
2019;327005;32;1.0
2020;327005;32;2.5
2021;327005;32;5.4
2012;327005;33;4.5
2013;327005;33;4.25
2014;327005;33;4.0588236
2015;327005;33;3.7391305
2016;327005;33;8.444445
2017;327005;33;1.6956521
2018;327005;33;9.034483
2019;327005;33;8.810811
2020;327005;33;10.777778
2021;327005;33;3.2222223
2012;327005;34;None
2013;327005;34;None
2014;327005;34;None
2015;327005;34;None
2016;327005;34;None
2017;327005;34;None
2018;327005;34;None
2019;327005;34;None
2020;327005;34;5.6666665
2021;327005;34;3.5
2012;327005;35;1.0
2013;327005;35;1.0
2014;327005;35;None
2015;327005;35;None
2016;327005;35;None
2017;327005;35;0.0
2018;327005;35;9.25
2019;327005;35;None
2020;327005;35;None
2021;327005;35;1.0
2012;327005;36;23.0
2013;327005;36;0.0
2014;327005;36;9.0
2015;327005;36;9.333333
2016;327005;36;0.0
2017;327005;36;25.0
2018;327005;36;None
2019;327005;36;5.0
2020;327005;36;2.0
2021;327005;36;None
2012;327038;10;11.5
2013;327038;10;8.25
2014;327038;10;3.9333334
2015;327038;10;12.5
2016;327038;10;25.88889
2017;327038;10;21.454546
2018;327038;10;10.045455
2019;327038;10;29.086956
2020;327038;10;22.384615
2021;327038;10;3.4545455
2012;327038;11;14.285714
2013;327038;11;14.4
2014;327038;11;25.5
2015;327038;11;15.571428
2016;327038;11;17.064516
2017;327038;11;13.6
2018;327038;11;12.48
2019;327038;11;7.05
2020;327038;11;6.6060605
2021;327038;11;4.179487
2012;327038;12;19.0
2013;327038;12;8.0
2014;327038;12;3.0
2015;327038;12;6.6666665
2016;327038;12;6.6666665
2017;327038;12;2.5
2018;327038;12;1.1111112
2019;327038;12;1.1578947
2020;327038;12;1.6
2021;327038;12;1.0
2012;327038;13;25.01724
2013;327038;13;39.924244
2014;327038;13;27.649351
2015;327038;13;23.356321
2016;327038;13;20.821918
2017;327038;13;18.163637
2018;327038;13;15.382353
2019;327038;13;14.131783
2020;327038;13;10.089385
2021;327038;13;5.273585
2012;327038;14;8.419354
2013;327038;14;15.357142
2014;327038;14;12.958333
2015;327038;14;10.605263
2016;327038;14;15.230769
2017;327038;14;16.384615
2018;327038;14;7.709677
2019;327038;14;7.7419353
2020;327038;14;3.5522387
2021;327038;14;2.621212
2012;327038;15;19.963768
2013;327038;15;34.6
2014;327038;15;24.885714
2015;327038;15;16.454546
2016;327038;15;14.462365
2017;327038;15;12.84466
2018;327038;15;10.005128
2019;327038;15;11.014852
2020;327038;15;8.707423
2021;327038;15;4.8965516
2012;327038;16;26.458334
2013;327038;16;36.677883
2014;327038;16;33.151638
2015;327038;16;21.448029
2016;327038;16;15.087663
2017;327038;16;12.457478
2018;327038;16;10.410995
2019;327038;16;12.381271
2020;327038;16;9.684039
2021;327038;16;5.482036
2012;327038;17;6.4131274
2013;327038;17;10.456107
2014;327038;17;8.278798
2015;327038;17;8.6727
2016;327038;17;6.2115383
2017;327038;17;7.4384165
2018;327038;17;4.814815
2019;327038;17;4.8433933
2020;327038;17;4.1788616
2021;327038;17;3.380805
2012;327038;18;12.3
2013;327038;18;8.909091
2014;327038;18;11.777778
2015;327038;18;5.8615384
2016;327038;18;9.948718
2017;327038;18;9.289474
2018;327038;18;4.857143
2019;327038;18;5.362069
2020;327038;18;3.4864864
2021;327038;18;2.3636363
2012;327038;19;13.724138
2013;327038;19;9.542857
2014;327038;19;8.666667
2015;327038;19;14.733334
2016;327038;19;10.018518
2017;327038;19;35.25974
2018;327038;19;4.77451
2019;327038;19;3.7755103
2020;327038;19;5.8039217
2021;327038;19;3.3958333
2012;327038;20;28.25
2013;327038;20;2.5
2014;327038;20;0.8
2015;327038;20;9.666667
2016;327038;20;4.75
2017;327038;20;1.8333334
2018;327038;20;5.0666666
2019;327038;20;3.5555556
2020;327038;20;2.375
2021;327038;20;1.6052631
2012;327038;21;12.484848
2013;327038;21;23.294117
2014;327038;21;15.809524
2015;327038;21;14.214953
2016;327038;21;14.604167
2017;327038;21;11.925466
2018;327038;21;9.939759
2019;327038;21;8.365079
2020;327038;21;8.238579
2021;327038;21;5.104027
2012;327038;22;11.936446
2013;327038;22;12.482718
2014;327038;22;10.677043
2015;327038;22;10.502218
2016;327038;22;10.089724
2017;327038;22;9.7554655
2018;327038;22;6.5754642
2019;327038;22;6.874882
2020;327038;22;5.5539308
2021;327038;22;4.0018134
2012;327038;23;11.745763
2013;327038;23;12.666667
2014;327038;23;18.225807
2015;327038;23;15.285714
2016;327038;23;14.831683
2017;327038;23;14.473283
2018;327038;23;10.491228
2019;327038;23;6.021164
2020;327038;23;9.232394
2021;327038;23;4.1517243
2012;327038;24;10.5
2013;327038;24;13.6
2014;327038;24;10.0
2015;327038;24;22.5
2016;327038;24;20.555555
2017;327038;24;27.9
2018;327038;24;14.0
2019;327038;24;34.57143
2020;327038;24;12.571428
2021;327038;24;5.111111
2012;327038;25;15.198646
2013;327038;25;13.86638
2014;327038;25;16.811321
2015;327038;25;13.279793
2016;327038;25;12.2964115
2017;327038;25;10.869842
2018;327038;25;7.7265077
2019;327038;25;9.287443
2020;327038;25;8.526133
2021;327038;25;4.409756
2012;327038;26;6.6627564
2013;327038;26;8.0
2014;327038;26;8.493703
2015;327038;26;6.6986303
2016;327038;26;6.1260686
2017;327038;26;6.867416
2018;327038;26;4.9502616
2019;327038;26;4.398533
2020;327038;26;3.9840426
2021;327038;26;3.0153508
2012;327038;27;22.146341
2013;327038;27;18.153847
2014;327038;27;30.054546
2015;327038;27;17.838709
2016;327038;27;14.161765
2017;327038;27;17.45977
2018;327038;27;16.277779
2019;327038;27;11.723404
2020;327038;27;7.045977
2021;327038;27;5.1313868
2012;327038;28;17.3
2013;327038;28;40.666668
2014;327038;28;17.75
2015;327038;28;18.6
2016;327038;28;22.0
2017;327038;28;12.3
2018;327038;28;9.636364
2019;327038;28;9.25
2020;327038;28;8.411765
2021;327038;28;10.909091
2012;327038;29;None
2013;327038;29;20.0
2014;327038;29;0.5
2015;327038;29;None
2016;327038;29;None
2017;327038;29;None
2018;327038;29;18.0
2019;327038;29;15.666667
2020;327038;29;13.0
2021;327038;29;5.0
2012;327038;30;16.642857
2013;327038;30;21.833334
2014;327038;30;12.615385
2015;327038;30;12.8
2016;327038;30;16.470589
2017;327038;30;16.428572
2018;327038;30;30.666666
2019;327038;30;17.071428
2020;327038;30;9.806452
2021;327038;30;5.9375
2012;327038;31;34.373264
2013;327038;31;23.848534
2014;327038;31;24.539936
2015;327038;31;18.618055
2016;327038;31;18.50755
2017;327038;31;19.584578
2018;327038;31;14.209889
2019;327038;31;11.369483
2020;327038;31;8.799736
2021;327038;31;5.002448
2012;327038;32;10.666667
2013;327038;32;None
2014;327038;32;0.5
2015;327038;32;10.333333
2016;327038;32;None
2017;327038;32;11.0
2018;327038;32;18.5
2019;327038;32;1.25
2020;327038;32;4.25
2021;327038;32;2.2857144
2012;327038;33;5.638889
2013;327038;33;9.2972975
2014;327038;33;16.586956
2015;327038;33;10.5172415
2016;327038;33;9.132653
2017;327038;33;6.888889
2018;327038;33;8.056818
2019;327038;33;4.737374
2020;327038;33;4.3846154
2021;327038;33;3.9541984
2012;327038;34;None
2013;327038;34;None
2014;327038;34;None
2015;327038;34;6.0
2016;327038;34;1.0
2017;327038;34;None
2018;327038;34;9.5
2019;327038;34;19.0
2020;327038;34;2.75
2021;327038;34;0.0
2012;327038;35;None
2013;327038;35;None
2014;327038;35;14.5
2015;327038;35;4.5
2016;327038;35;None
2017;327038;35;None
2018;327038;35;2.6111112
2019;327038;35;0.0
2020;327038;35;1.0
2021;327038;35;8.0
2012;327038;36;12.0
2013;327038;36;6.5
2014;327038;36;3.25
2015;327038;36;4.75
2016;327038;36;7.076923
2017;327038;36;7.714286
2018;327038;36;3.25
2019;327038;36;3.75
2020;327038;36;2.4444444
2021;327038;36;2.6363637
2012;327006;10;None
2013;327006;10;None
2014;327006;10;0.0
2015;327006;10;2.0
2016;327006;10;4.5
2017;327006;10;13.25
2018;327006;10;18.857143
2019;327006;10;2.3333333
2020;327006;10;2.3333333
2021;327006;10;3.75
2012;327006;11;2.5
2013;327006;11;14.833333
2014;327006;11;3.3333333
2015;327006;11;36.25
2016;327006;11;17.714285
2017;327006;11;30.6
2018;327006;11;15.0
2019;327006;11;5.6923075
2020;327006;11;10.379311
2021;327006;11;4.6190476
2012;327006;12;0.0
2013;327006;12;0.0
2014;327006;12;0.6666667
2015;327006;12;2.6666667
2016;327006;12;6.0
2017;327006;12;18.333334
2018;327006;12;2.2
2019;327006;12;1.28
2020;327006;12;3.52
2021;327006;12;1.4
2012;327006;13;16.631578
2013;327006;13;13.0
2014;327006;13;18.961538
2015;327006;13;17.608696
2016;327006;13;10.5625
2017;327006;13;14.457143
2018;327006;13;12.56
2019;327006;13;13.769231
2020;327006;13;10.886792
2021;327006;13;4.830769
2012;327006;14;0.0
2013;327006;14;6.8
2014;327006;14;14.333333
2015;327006;14;60.875
2016;327006;14;16.133333
2017;327006;14;16.181818
2018;327006;14;6.7272725
2019;327006;14;20.277779
2020;327006;14;16.2
2021;327006;14;8.904762
2012;327006;15;10.413043
2013;327006;15;7.038961
2014;327006;15;12.372881
2015;327006;15;16.641975
2016;327006;15;8.505051
2017;327006;15;12.422222
2018;327006;15;9.972973
2019;327006;15;8.505263
2020;327006;15;7.9879518
2021;327006;15;4.107527
2012;327006;16;15.701492
2013;327006;16;20.981482
2014;327006;16;14.986667
2015;327006;16;18.732143
2016;327006;16;14.825397
2017;327006;16;12.07874
2018;327006;16;9.392045
2019;327006;16;10.656488
2020;327006;16;11.848214
2021;327006;16;5.5857143
2012;327006;17;8.235294
2013;327006;17;19.358025
2014;327006;17;8.495327
2015;327006;17;12.824074
2016;327006;17;7.9099097
2017;327006;17;7.385321
2018;327006;17;13.723214
2019;327006;17;7.7848835
2020;327006;17;7.923077
2021;327006;17;4.3311687
2012;327006;18;27.0
2013;327006;18;4.6666665
2014;327006;18;9.666667
2015;327006;18;10.333333
2016;327006;18;6.9473686
2017;327006;18;7.8
2018;327006;18;3.0
2019;327006;18;5.2105265
2020;327006;18;9.384615
2021;327006;18;4.148148
2012;327006;19;6.2
2013;327006;19;3.0
2014;327006;19;5.3157897
2015;327006;19;3.7777777
2016;327006;19;4.529412
2017;327006;19;4.5
2018;327006;19;3.831579
2019;327006;19;3.1489363
2020;327006;19;5.387097
2021;327006;19;3.4285715
2012;327006;20;None
2013;327006;20;27.5
2014;327006;20;11.333333
2015;327006;20;0.6
2016;327006;20;1.3076923
2017;327006;20;9.625
2018;327006;20;1.0
2019;327006;20;3.264706
2020;327006;20;3.0
2021;327006;20;2.0
2012;327006;21;14.333333
2013;327006;21;14.0
2014;327006;21;19.61111
2015;327006;21;32.130436
2016;327006;21;17.707317
2017;327006;21;13.688524
2018;327006;21;8.520548
2019;327006;21;7.612069
2020;327006;21;10.804878
2021;327006;21;4.802721
2012;327006;22;12.179311
2013;327006;22;9.995
2014;327006;22;10.170909
2015;327006;22;11.853572
2016;327006;22;10.192879
2017;327006;22;11.067093
2018;327006;22;6.339785
2019;327006;22;4.858144
2020;327006;22;5.760309
2021;327006;22;3.9799554
2012;327006;23;12.842105
2013;327006;23;4.107143
2014;327006;23;7.642857
2015;327006;23;25.447369
2016;327006;23;9.5
2017;327006;23;9.722222
2018;327006;23;10.417476
2019;327006;23;7.9079757
2020;327006;23;9.4125
2021;327006;23;5.172932
2012;327006;24;None
2013;327006;24;7.6666665
2014;327006;24;None
2015;327006;24;28.0
2016;327006;24;None
2017;327006;24;19.0
2018;327006;24;13.0
2019;327006;24;None
2020;327006;24;16.5
2021;327006;24;9.0
2012;327006;25;19.821053
2013;327006;25;11.75
2014;327006;25;26.13402
2015;327006;25;10.92437
2016;327006;25;11.829114
2017;327006;25;15.481012
2018;327006;25;7.862319
2019;327006;25;5.4199395
2020;327006;25;9.745763
2021;327006;25;8.04918
2012;327006;26;8.979591
2013;327006;26;7.826087
2014;327006;26;12.338462
2015;327006;26;9.066667
2016;327006;26;10.192307
2017;327006;26;6.5894737
2018;327006;26;8.911111
2019;327006;26;5.3129773
2020;327006;26;9.421053
2021;327006;26;4.6666665
2012;327006;27;7.0
2013;327006;27;7.25
2014;327006;27;12.857142
2015;327006;27;9.230769
2016;327006;27;13.75
2017;327006;27;14.545455
2018;327006;27;63.555557
2019;327006;27;25.3
2020;327006;27;6.142857
2021;327006;27;5.3636365
2012;327006;28;None
2013;327006;28;None
2014;327006;28;27.0
2015;327006;28;None
2016;327006;28;0.0
2017;327006;28;None
2018;327006;28;None
2019;327006;28;80.0
2020;327006;28;12.5
2021;327006;28;None
2012;327006;29;None
2013;327006;29;None
2014;327006;29;None
2015;327006;29;None
2016;327006;29;None
2017;327006;29;None
2018;327006;29;None
2019;327006;29;4.0
2020;327006;29;7.0
2021;327006;29;None
2012;327006;30;28.0
2013;327006;30;40.0
2014;327006;30;60.0
2015;327006;30;23.375
2016;327006;30;36.0
2017;327006;30;17.857143
2018;327006;30;10.777778
2019;327006;30;12.4
2020;327006;30;9.875
2021;327006;30;5.7916665
2012;327006;31;19.402298
2013;327006;31;18.084034
2014;327006;31;26.063492
2015;327006;31;14.049645
2016;327006;31;13.535433
2017;327006;31;9.92174
2018;327006;31;9.432749
2019;327006;31;7.4723926
2020;327006;31;9.097222
2021;327006;31;7.2081447
2012;327006;32;None
2013;327006;32;None
2014;327006;32;2.0
2015;327006;32;None
2016;327006;32;None
2017;327006;32;None
2018;327006;32;0.0
2019;327006;32;40.0
2020;327006;32;None
2021;327006;32;6.0
2012;327006;33;1.1666666
2013;327006;33;7.090909
2014;327006;33;7.3913045
2015;327006;33;3.5185184
2016;327006;33;4.6037736
2017;327006;33;4.8139534
2018;327006;33;8.358491
2019;327006;33;5.2285714
2020;327006;33;5.5555553
2021;327006;33;2.7361112
2012;327006;34;3.5
2013;327006;34;None
2014;327006;34;None
2015;327006;34;None
2016;327006;34;None
2017;327006;34;None
2018;327006;34;None
2019;327006;34;None
2020;327006;34;3.0
2021;327006;34;None
2012;327006;35;None
2013;327006;35;None
2014;327006;35;None
2015;327006;35;None
2016;327006;35;None
2017;327006;35;None
2018;327006;35;None
2019;327006;35;None
2020;327006;35;None
2021;327006;35;None
2012;327006;36;None
2013;327006;36;None
2014;327006;36;None
2015;327006;36;None
2016;327006;36;None
2017;327006;36;6.5
2018;327006;36;None
2019;327006;36;12.0
2020;327006;36;1.0
2021;327006;36;1.0
2012;327026;10;None
2013;327026;10;29.2
2014;327026;10;17.0
2015;327026;10;62.5
2016;327026;10;11.5
2017;327026;10;148.0
2018;327026;10;17.25
2019;327026;10;15.857142
2020;327026;10;7.8
2021;327026;10;9.6875
2012;327026;11;25.805555
2013;327026;11;27.372093
2014;327026;11;19.868422
2015;327026;11;11.710526
2016;327026;11;14.272727
2017;327026;11;14.526316
2018;327026;11;15.711111
2019;327026;11;10.240741
2020;327026;11;15.095238
2021;327026;11;6.234375
2012;327026;12;2.3333333
2013;327026;12;3.0
2014;327026;12;3.724138
2015;327026;12;1.1081082
2016;327026;12;2.0
2017;327026;12;2.255319
2018;327026;12;4.2972975
2019;327026;12;0.75789475
2020;327026;12;1.0105263
2021;327026;12;0.4893617
2012;327026;13;27.666666
2013;327026;13;22.92
2014;327026;13;21.65625
2015;327026;13;16.581396
2016;327026;13;16.142857
2017;327026;13;12.666667
2018;327026;13;17.689655
2019;327026;13;10.203125
2020;327026;13;15.5625
2021;327026;13;7.0655737
2012;327026;14;0.0
2013;327026;14;5.3333335
2014;327026;14;4.0
2015;327026;14;5.2
2016;327026;14;7.428571
2017;327026;14;6.875
2018;327026;14;4.142857
2019;327026;14;4.3333335
2020;327026;14;0.375
2021;327026;14;3.0
2012;327026;15;28.666666
2013;327026;15;21.833334
2014;327026;15;13.0
2015;327026;15;20.17647
2016;327026;15;30.583334
2017;327026;15;23.117647
2018;327026;15;23.1875
2019;327026;15;13.45
2020;327026;15;9.26087
2021;327026;15;4.625
2012;327026;16;20.97619
2013;327026;16;16.930233
2014;327026;16;14.804348
2015;327026;16;13.542373
2016;327026;16;19.0
2017;327026;16;17.25
2018;327026;16;17.215687
2019;327026;16;9.848102
2020;327026;16;10.223881
2021;327026;16;5.126984
2012;327026;17;6.0
2013;327026;17;8.631579
2014;327026;17;7.0384617
2015;327026;17;17.166666
2016;327026;17;9.142858
2017;327026;17;3.4545455
2018;327026;17;7.576923
2019;327026;17;5.0697675
2020;327026;17;4.6444445
2021;327026;17;6.8431373
2012;327026;18;None
2013;327026;18;None
2014;327026;18;4.0
2015;327026;18;35.666668
2016;327026;18;33.0
2017;327026;18;6.0
2018;327026;18;6.75
2019;327026;18;6.0
2020;327026;18;8.714286
2021;327026;18;0.0
2012;327026;19;51.142857
2013;327026;19;24.428572
2014;327026;19;20.714285
2015;327026;19;14.333333
2016;327026;19;85.4375
2017;327026;19;332.0
2018;327026;19;14.066667
2019;327026;19;41.083332
2020;327026;19;144.64285
2021;327026;19;37.695652
2012;327026;20;10.0
2013;327026;20;5.0
2014;327026;20;2.0
2015;327026;20;6.4
2016;327026;20;6.2222223
2017;327026;20;4.0
2018;327026;20;2.5833333
2019;327026;20;1.4444444
2020;327026;20;2.0
2021;327026;20;1.8571428
2012;327026;21;21.0
2013;327026;21;23.0
2014;327026;21;7.6666665
2015;327026;21;2.3333333
2016;327026;21;19.5
2017;327026;21;8.0
2018;327026;21;11.5
2019;327026;21;3.0
2020;327026;21;6.0
2021;327026;21;3.1666667
2012;327026;22;6.4444447
2013;327026;22;6.785714
2014;327026;22;5.9473686
2015;327026;22;13.258064
2016;327026;22;13.761905
2017;327026;22;5.9545455
2018;327026;22;10.0
2019;327026;22;7.857143
2020;327026;22;8.210526
2021;327026;22;3.969697
2012;327026;23;33.863636
2013;327026;23;18.1
2014;327026;23;16.444445
2015;327026;23;9.25
2016;327026;23;15.142858
2017;327026;23;12.238095
2018;327026;23;23.454546
2019;327026;23;11.0
2020;327026;23;16.896551
2021;327026;23;7.3513513
2012;327026;24;None
2013;327026;24;18.25
2014;327026;24;26.666666
2015;327026;24;29.25
2016;327026;24;15.5
2017;327026;24;42.857143
2018;327026;24;11.333333
2019;327026;24;14.125
2020;327026;24;7.818182
2021;327026;24;7.818182
2012;327026;25;14.73913
2013;327026;25;12.538462
2014;327026;25;9.75
2015;327026;25;12.333333
2016;327026;25;16.61111
2017;327026;25;12.625
2018;327026;25;13.71875
2019;327026;25;7.888889
2020;327026;25;8.604651
2021;327026;25;5.6
2012;327026;26;3.25
2013;327026;26;4.6666665
2014;327026;26;4.769231
2015;327026;26;7.4626865
2016;327026;26;8.0188675
2017;327026;26;3.8285713
2018;327026;26;4.2363634
2019;327026;26;2.054054
2020;327026;26;2.4
2021;327026;26;1.9473684
2012;327026;27;18.615385
2013;327026;27;22.23077
2014;327026;27;22.90909
2015;327026;27;19.0
2016;327026;27;14.833333
2017;327026;27;30.083334
2018;327026;27;10.210526
2019;327026;27;8.238095
2020;327026;27;4.888889
2021;327026;27;5.2
2012;327026;28;None
2013;327026;28;5.0
2014;327026;28;9.0
2015;327026;28;21.333334
2016;327026;28;14.0
2017;327026;28;14.666667
2018;327026;28;24.0
2019;327026;28;2.6666667
2020;327026;28;3.25
2021;327026;28;5.0
2012;327026;29;None
2013;327026;29;None
2014;327026;29;None
2015;327026;29;None
2016;327026;29;None
2017;327026;29;None
2018;327026;29;2.0
2019;327026;29;None
2020;327026;29;12.0
2021;327026;29;6.0
2012;327026;30;116.5
2013;327026;30;8.7
2014;327026;30;14.7
2015;327026;30;19.642857
2016;327026;30;26.8
2017;327026;30;10.333333
2018;327026;30;40.333332
2019;327026;30;10.56
2020;327026;30;9.0
2021;327026;30;10.307693
2012;327026;31;28.62963
2013;327026;31;18.578947
2014;327026;31;20.378788
2015;327026;31;52.81333
2016;327026;31;127.208336
2017;327026;31;120.70422
2018;327026;31;34.24286
2019;327026;31;66.15385
2020;327026;31;60.85246
2021;327026;31;37.453335
2012;327026;32;3.0
2013;327026;32;1.5
2014;327026;32;9.0
2015;327026;32;0.0
2016;327026;32;10.75
2017;327026;32;7.5
2018;327026;32;2.4285715
2019;327026;32;6.1
2020;327026;32;3.0
2021;327026;32;8.0
2012;327026;33;5.5384617
2013;327026;33;7.5
2014;327026;33;3.6190476
2015;327026;33;1.5555556
2016;327026;33;3.1111112
2017;327026;33;4.181818
2018;327026;33;4.375
2019;327026;33;2.6382978
2020;327026;33;1.8271605
2021;327026;33;1.0098039
2012;327026;34;None
2013;327026;34;27.0
2014;327026;34;42.5
2015;327026;34;3.0
2016;327026;34;5.0
2017;327026;34;22.0
2018;327026;34;11.0
2019;327026;34;15.0
2020;327026;34;None
2021;327026;34;6.0
2012;327026;35;None
2013;327026;35;None
2014;327026;35;None
2015;327026;35;None
2016;327026;35;None
2017;327026;35;None
2018;327026;35;None
2019;327026;35;None
2020;327026;35;None
2021;327026;35;None
2012;327026;36;30.0
2013;327026;36;None
2014;327026;36;None
2015;327026;36;None
2016;327026;36;10.0
2017;327026;36;3.0
2018;327026;36;None
2019;327026;36;None
2020;327026;36;None
2021;327026;36;0.0
2012;708405;10;None
2013;708405;10;None
2014;708405;10;None
2015;708405;10;None
2016;708405;10;None
2017;708405;10;None
2018;708405;10;1.0
2019;708405;10;None
2020;708405;10;8.666667
2021;708405;10;12.2
2012;708405;11;28.666666
2013;708405;11;13.333333
2014;708405;11;23.5
2015;708405;11;22.26087
2016;708405;11;41.875
2017;708405;11;26.058823
2018;708405;11;15.461538
2019;708405;11;18.193548
2020;708405;11;12.806452
2021;708405;11;4.774194
2012;708405;12;None
2013;708405;12;None
2014;708405;12;3.25
2015;708405;12;4.0
2016;708405;12;7.0
2017;708405;12;1.0
2018;708405;12;4.6666665
2019;708405;12;1.6666666
2020;708405;12;5.5
2021;708405;12;2.6666667
2012;708405;13;40.0
2013;708405;13;12.0
2014;708405;13;10.75
2015;708405;13;23.142857
2016;708405;13;29.0
2017;708405;13;36.666668
2018;708405;13;22.0
2019;708405;13;16.166666
2020;708405;13;18.5
2021;708405;13;7.9
2012;708405;14;5.0555553
2013;708405;14;6.90625
2014;708405;14;3.6956522
2015;708405;14;7.3333335
2016;708405;14;7.90566
2017;708405;14;4.5955057
2018;708405;14;6.854839
2019;708405;14;4.772152
2020;708405;14;3.7
2021;708405;14;5.0701756
2012;708405;15;None
2013;708405;15;12.4
2014;708405;15;9.0
2015;708405;15;32.25
2016;708405;15;6.5
2017;708405;15;26.25
2018;708405;15;16.0
2019;708405;15;14.636364
2020;708405;15;8.181818
2021;708405;15;3.1111112
2012;708405;16;36.5
2013;708405;16;19.833334
2014;708405;16;14.375
2015;708405;16;34.92857
2016;708405;16;29.666666
2017;708405;16;35.7
2018;708405;16;14.181818
2019;708405;16;21.166666
2020;708405;16;9.954545
2021;708405;16;7.2105265
2012;708405;17;4.037037
2013;708405;17;14.555555
2014;708405;17;12.545455
2015;708405;17;5.0588236
2016;708405;17;4.571429
2017;708405;17;7.7115383
2018;708405;17;3.254902
2019;708405;17;4.2608695
2020;708405;17;5.2
2021;708405;17;3.3333333
2012;708405;18;2.8333333
2013;708405;18;4.8235292
2014;708405;18;8.428572
2015;708405;18;4.7777777
2016;708405;18;2.7777777
2017;708405;18;7.0
2018;708405;18;2.9230769
2019;708405;18;4.3030305
2020;708405;18;3.0
2021;708405;18;2.0454545
2012;708405;19;0.5
2013;708405;19;1.0
2014;708405;19;0.0
2015;708405;19;1.5
2016;708405;19;6.0
2017;708405;19;1.25
2018;708405;19;21.8
2019;708405;19;14.0
2020;708405;19;2.6666667
2021;708405;19;0.6666667
2012;708405;20;7.5263157
2013;708405;20;3.108108
2014;708405;20;4.1666665
2015;708405;20;5.7777777
2016;708405;20;7.766667
2017;708405;20;6.359375
2018;708405;20;6.642857
2019;708405;20;5.5972223
2020;708405;20;7.9560437
2021;708405;20;6.733333
2012;708405;21;3.5
2013;708405;21;3.0
2014;708405;21;12.666667
2015;708405;21;None
2016;708405;21;34.8
2017;708405;21;32.75
2018;708405;21;17.75
2019;708405;21;15.846154
2020;708405;21;12.666667
2021;708405;21;7.4634147
2012;708405;22;25.3
2013;708405;22;6.7391305
2014;708405;22;12.277778
2015;708405;22;7.3333335
2016;708405;22;6.882353
2017;708405;22;12.5
2018;708405;22;8.44
2019;708405;22;7.2156863
2020;708405;22;7.111111
2021;708405;22;6.2
2012;708405;23;3.0
2013;708405;23;7.8333335
2014;708405;23;22.666666
2015;708405;23;16.777779
2016;708405;23;19.76923
2017;708405;23;19.5
2018;708405;23;15.058824
2019;708405;23;13.6
2020;708405;23;10.7027025
2021;708405;23;5.1842103
2012;708405;24;None
2013;708405;24;None
2014;708405;24;None
2015;708405;24;32.4
2016;708405;24;23.0
2017;708405;24;49.333332
2018;708405;24;None
2019;708405;24;22.166666
2020;708405;24;32.166668
2021;708405;24;7.3333335
2012;708405;25;99.0
2013;708405;25;11.0
2014;708405;25;16.833334
2015;708405;25;19.8
2016;708405;25;13.666667
2017;708405;25;26.666666
2018;708405;25;16.666666
2019;708405;25;8.4
2020;708405;25;5.5454545
2021;708405;25;4.818182
2012;708405;26;4.9565215
2013;708405;26;6.0869565
2014;708405;26;10.454545
2015;708405;26;4.9166665
2016;708405;26;5.214286
2017;708405;26;6.142857
2018;708405;26;16.791666
2019;708405;26;5.388889
2020;708405;26;2.4285715
2021;708405;26;3.85
2012;708405;27;None
2013;708405;27;9.0
2014;708405;27;None
2015;708405;27;14.25
2016;708405;27;11.0
2017;708405;27;25.666666
2018;708405;27;11.333333
2019;708405;27;None
2020;708405;27;17.444445
2021;708405;27;4.909091
2012;708405;28;None
2013;708405;28;None
2014;708405;28;None
2015;708405;28;None
2016;708405;28;None
2017;708405;28;None
2018;708405;28;9.0
2019;708405;28;4.0
2020;708405;28;11.0
2021;708405;28;None
2012;708405;29;None
2013;708405;29;None
2014;708405;29;105.0
2015;708405;29;None
2016;708405;29;None
2017;708405;29;24.0
2018;708405;29;11.666667
2019;708405;29;23.0
2020;708405;29;6.0
2021;708405;29;4.6666665
2012;708405;30;None
2013;708405;30;None
2014;708405;30;13.0
2015;708405;30;41.0
2016;708405;30;None
2017;708405;30;82.0
2018;708405;30;28.0
2019;708405;30;11.0
2020;708405;30;1.0
2021;708405;30;14.666667
2012;708405;31;2.5
2013;708405;31;5.0
2014;708405;31;None
2015;708405;31;None
2016;708405;31;2.0
2017;708405;31;28.5
2018;708405;31;25.333334
2019;708405;31;22.375
2020;708405;31;3.6
2021;708405;31;3.9444444
2012;708405;32;None
2013;708405;32;20.0
2014;708405;32;None
2015;708405;32;None
2016;708405;32;16.666666
2017;708405;32;12.0
2018;708405;32;5.75
2019;708405;32;7.0
2020;708405;32;5.0
2021;708405;32;6.133333
2012;708405;33;11.882353
2013;708405;33;38.22222
2014;708405;33;9.619047
2015;708405;33;11.275
2016;708405;33;9.944445
2017;708405;33;15.868421
2018;708405;33;16.928572
2019;708405;33;9.697675
2020;708405;33;11.16
2021;708405;33;4.5411763
2012;708405;34;None
2013;708405;34;None
2014;708405;34;None
2015;708405;34;None
2016;708405;34;None
2017;708405;34;None
2018;708405;34;None
2019;708405;34;8.0
2020;708405;34;1.0
2021;708405;34;2.0
2012;708405;35;44.0
2013;708405;35;None
2014;708405;35;None
2015;708405;35;None
2016;708405;35;None
2017;708405;35;None
2018;708405;35;None
2019;708405;35;None
2020;708405;35;None
2021;708405;35;None
2012;708405;36;None
2013;708405;36;None
2014;708405;36;None
2015;708405;36;None
2016;708405;36;None
2017;708405;36;None
2018;708405;36;None
2019;708405;36;15.25
2020;708405;36;16.8
2021;708405;36;2.75
2012;327002;10;12.285714
2013;327002;10;15.166667
2014;327002;10;11.0
2015;327002;10;17.5625
2016;327002;10;33.066666
2017;327002;10;24.21875
2018;327002;10;9.466666
2019;327002;10;6.035714
2020;327002;10;14.090909
2021;327002;10;5.3809524
2012;327002;11;17.916666
2013;327002;11;27.142857
2014;327002;11;49.875
2015;327002;11;13.222222
2016;327002;11;14.5
2017;327002;11;19.52
2018;327002;11;17.60606
2019;327002;11;13.153846
2020;327002;11;9.0
2021;327002;11;4.9069767
2012;327002;12;9.5
2013;327002;12;10.727273
2014;327002;12;22.714285
2015;327002;12;17.727272
2016;327002;12;27.285715
2017;327002;12;12.0
2018;327002;12;5.2
2019;327002;12;7.2
2020;327002;12;4.5
2021;327002;12;2.7741935
2012;327002;13;13.388889
2013;327002;13;12.4827585
2014;327002;13;20.37736
2015;327002;13;14.412699
2016;327002;13;19.171053
2017;327002;13;21.32258
2018;327002;13;14.816901
2019;327002;13;11.772727
2020;327002;13;9.525252
2021;327002;13;5.98773
2012;327002;14;10.090909
2013;327002;14;30.75
2014;327002;14;10.541667
2015;327002;14;33.0625
2016;327002;14;23.0
2017;327002;14;24.285715
2018;327002;14;7.85
2019;327002;14;17.444445
2020;327002;14;5.0425534
2021;327002;14;5.928571
2012;327002;15;15.625
2013;327002;15;19.564707
2014;327002;15;15.629213
2015;327002;15;17.772728
2016;327002;15;18.148935
2017;327002;15;15.294798
2018;327002;15;12.260355
2019;327002;15;12.477707
2020;327002;15;10.178808
2021;327002;15;6.6666665
2012;327002;16;14.910053
2013;327002;16;20.341969
2014;327002;16;18.924444
2015;327002;16;16.911016
2016;327002;16;17.195122
2017;327002;16;15.572954
2018;327002;16;12.4536085
2019;327002;16;11.54908
2020;327002;16;10.036496
2021;327002;16;7.1535435
2012;327002;17;9.817535
2013;327002;17;8.984199
2014;327002;17;10.061876
2015;327002;17;9.175781
2016;327002;17;7.213523
2017;327002;17;7.2151394
2018;327002;17;5.775
2019;327002;17;6.512195
2020;327002;17;4.9096384
2021;327002;17;3.4524715
2012;327002;18;7.117647
2013;327002;18;31.052631
2014;327002;18;18.68
2015;327002;18;19.0
2016;327002;18;11.583333
2017;327002;18;11.066667
2018;327002;18;2.3333333
2019;327002;18;9.653846
2020;327002;18;5.12
2021;327002;18;3.75
2012;327002;19;9.288889
2013;327002;19;10.46748
2014;327002;19;10.542601
2015;327002;19;7.8528137
2016;327002;19;7.259542
2017;327002;19;5.8624454
2018;327002;19;5.049676
2019;327002;19;4.708061
2020;327002;19;5.72069
2021;327002;19;3.237931
2012;327002;20;20.285715
2013;327002;20;6.25
2014;327002;20;16.333334
2015;327002;20;7.75
2016;327002;20;11.727273
2017;327002;20;12.615385
2018;327002;20;2.764706
2019;327002;20;6.0666666
2020;327002;20;6.0
2021;327002;20;3.4285715
2012;327002;21;27.404255
2013;327002;21;18.148148
2014;327002;21;14.423729
2015;327002;21;17.918367
2016;327002;21;11.766666
2017;327002;21;9.902542
2018;327002;21;10.382353
2019;327002;21;8.899642
2020;327002;21;12.95572
2021;327002;21;6.3618093
2012;327002;22;15.339254
2013;327002;22;13.475649
2014;327002;22;11.383706
2015;327002;22;14.113044
2016;327002;22;13.376116
2017;327002;22;12.304786
2018;327002;22;9.560748
2019;327002;22;9.306072
2020;327002;22;7.5694447
2021;327002;22;5.368677
2012;327002;23;21.875
2013;327002;23;13.925926
2014;327002;23;19.131313
2015;327002;23;20.40196
2016;327002;23;12.25
2017;327002;23;12.105454
2018;327002;23;8.672794
2019;327002;23;8.141644
2020;327002;23;11.14354
2021;327002;23;6.4072165
2012;327002;24;None
2013;327002;24;13.0
2014;327002;24;37.8
2015;327002;24;36.25
2016;327002;24;19.5
2017;327002;24;7.8
2018;327002;24;10.5
2019;327002;24;12.333333
2020;327002;24;14.333333
2021;327002;24;5.0
2012;327002;25;11.104677
2013;327002;25;11.630682
2014;327002;25;12.957861
2015;327002;25;10.083694
2016;327002;25;10.49096
2017;327002;25;10.82866
2018;327002;25;8.887906
2019;327002;25;9.935537
2020;327002;25;8.0272875
2021;327002;25;4.923333
2012;327002;26;8.056452
2013;327002;26;8.5919285
2014;327002;26;10.358885
2015;327002;26;9.22449
2016;327002;26;7.0566573
2017;327002;26;7.269795
2018;327002;26;6.9463806
2019;327002;26;7.3231196
2020;327002;26;7.0148935
2021;327002;26;3.5221088
2012;327002;27;7.4347825
2013;327002;27;10.490566
2014;327002;27;28.25926
2015;327002;27;9.8
2016;327002;27;10.052631
2017;327002;27;12.080646
2018;327002;27;7.677966
2019;327002;27;12.674418
2020;327002;27;12.857142
2021;327002;27;5.2459016
2012;327002;28;12.222222
2013;327002;28;25.0
2014;327002;28;43.454544
2015;327002;28;23.083334
2016;327002;28;36.714287
2017;327002;28;19.714285
2018;327002;28;14.4
2019;327002;28;21.642857
2020;327002;28;6.375
2021;327002;28;6.6666665
2012;327002;29;29.0
2013;327002;29;26.0
2014;327002;29;845.0
2015;327002;29;None
2016;327002;29;None
2017;327002;29;None
2018;327002;29;None
2019;327002;29;24.0
2020;327002;29;None
2021;327002;29;17.333334
2012;327002;30;19.6
2013;327002;30;12.727273
2014;327002;30;15.0
2015;327002;30;24.636364
2016;327002;30;22.461538
2017;327002;30;15.071428
2018;327002;30;14.166667
2019;327002;30;13.923077
2020;327002;30;10.571428
2021;327002;30;3.1724138
2012;327002;31;40.95617
2013;327002;31;32.75963
2014;327002;31;29.011984
2015;327002;31;29.509748
2016;327002;31;22.242807
2017;327002;31;22.136913
2018;327002;31;21.224384
2019;327002;31;16.733429
2020;327002;31;13.429719
2021;327002;31;7.6161504
2012;327002;32;0.0
2013;327002;32;74.0
2014;327002;32;None
2015;327002;32;30.333334
2016;327002;32;8.333333
2017;327002;32;3.8181818
2018;327002;32;7.25
2019;327002;32;21.571428
2020;327002;32;26.75
2021;327002;32;10.0
2012;327002;33;7.0689654
2013;327002;33;6.631579
2014;327002;33;11.025
2015;327002;33;24.35484
2016;327002;33;10.723404
2017;327002;33;11.933333
2018;327002;33;4.7850466
2019;327002;33;6.2222223
2020;327002;33;6.479452
2021;327002;33;4.1684213
2012;327002;34;1.0
2013;327002;34;2.0
2014;327002;34;None
2015;327002;34;2.0
2016;327002;34;None
2017;327002;34;1.0
2018;327002;34;0.0
2019;327002;34;None
2020;327002;34;0.0
2021;327002;34;1.3333334
2012;327002;35;13.0
2013;327002;35;None
2014;327002;35;None
2015;327002;35;None
2016;327002;35;None
2017;327002;35;9.0
2018;327002;35;1.5
2019;327002;35;None
2020;327002;35;24.0
2021;327002;35;4.5
2012;327002;36;14.0
2013;327002;36;9.818182
2014;327002;36;11.5
2015;327002;36;12.111111
2016;327002;36;2.090909
2017;327002;36;12.875
2018;327002;36;7.75
2019;327002;36;10.6
2020;327002;36;14.5
2021;327002;36;7.181818